Date,Date Processed,Description,Amount
25 Sep 2026,25 Sep 2026,TIM HORTONS #1234 HAMILTON,4.87
24 Sep 2026,24 Sep 2026,NOFRILLS #3321 HAMILTON,86.42
23 Sep 2026,23 Sep 2026,UBER EATS TORONTO,32.15
22 Sep 2026,22 Sep 2026,NETFLIX.COM 866-579-7172,20.99
21 Sep 2026,21 Sep 2026,PRESTO FARES TORONTO,25.00
20 Sep 2026,20 Sep 2026,CINEPLEX #2041 HAMILTON,18.50
19 Sep 2026,19 Sep 2026,PAYMENT RECEIVED - THANK YOU,-640.00
18 Sep 2026,18 Sep 2026,AMZN MKTP CA*4XK29 866-216-1072,47.99
17 Sep 2026,17 Sep 2026,STARBUCKS #4412 HAMILTON,6.45
16 Sep 2026,16 Sep 2026,ESSO 7731 HAMILTON,58.10
15 Sep 2026,15 Sep 2026,SHOPPERS DRUG MART #802 HAMILTON,23.64
14 Sep 2026,14 Sep 2026,SPOTIFY P2A1B3C4 STOCKHOLM,11.99
12 Sep 2026,12 Sep 2026,FORTINOS #71 HAMILTON,112.37
11 Sep 2026,11 Sep 2026,CHIPOTLE 3102 HAMILTON,15.80
10 Sep 2026,10 Sep 2026,BELL MOBILITY 800-667-0123,65.00
08 Sep 2026,08 Sep 2026,UBER CANADA/UBERTRIP TORONTO,17.42
06 Sep 2026,06 Sep 2026,GOODLIFE FITNESS 800-597-1696,49.99
05 Sep 2026,05 Sep 2026,INDIGO #212 BURLINGTON,29.97
03 Sep 2026,03 Sep 2026,TIM HORTONS #1234 HAMILTON,3.54
01 Sep 2026,01 Sep 2026,AIR CANADA 0142 WINNIPEG,248.60
30 Aug 2026,30 Aug 2026,NOFRILLS #3321 HAMILTON,74.18
28 Aug 2026,28 Aug 2026,PAYMENT RECEIVED - THANK YOU,-515.00
27 Aug 2026,27 Aug 2026,SQ *THE SOLID GOLD CAFE HAMILTON,9.25
25 Aug 2026,25 Aug 2026,DOORDASH*PIZZA NOVA TORONTO,27.60
23 Aug 2026,23 Aug 2026,ESSO 7731 HAMILTON,61.33
22 Aug 2026,22 Aug 2026,NETFLIX.COM 866-579-7172,20.99
20 Aug 2026,20 Aug 2026,WINNERS #255 BURLINGTON,54.23
18 Aug 2026,18 Aug 2026,STARBUCKS #4412 HAMILTON,5.95
16 Aug 2026,16 Aug 2026,FORTINOS #71 HAMILTON,95.08
14 Aug 2026,14 Aug 2026,AMAZON.CA REFUND 866-216-1072,-22.49
14 Aug 2026,14 Aug 2026,SPOTIFY P2A1B3C4 STOCKHOLM,11.99
12 Aug 2026,12 Aug 2026,AMZN MKTP CA*7QP31 866-216-1072,22.49
10 Aug 2026,10 Aug 2026,BELL MOBILITY 800-667-0123,65.00
08 Aug 2026,08 Aug 2026,CINEPLEX #2041 HAMILTON,24.00
06 Aug 2026,06 Aug 2026,GOODLIFE FITNESS 800-597-1696,49.99
02 Aug 2026,02 Aug 2026,UBER EATS TORONTO,28.70